title,link
강북구 미아역 코딩로봇체험관 로보로보 무료 인공지능 교육,https://blog.naver.com/alley1980/223836669864
인공지능학과 체계적인 대비방법,https://blog.naver.com/blackhole_chinese/223786516915
인공지능 AI자격증 취득전망 스펙쌓기,https://blog.naver.com/musthave007/223847714263
인공지능학과 진학과정이 궁금하다면,https://blog.naver.com/dhdutk2014/223821111009
"당구장CCTV, 요즘 같은 세상에 인공지능cctv는 필수입니다!!",https://blog.naver.com/xavisnet/223853283862
국립부산과학관 + KT 인공지능 코딩 교육 [AICE FUTURE 3급],https://blog.naver.com/sciport2016/223802498785
AI 인공지능 스피커 구글홈 미니 네스트미니 비교,https://blog.naver.com/skdaksdptn/223855089617
세계가 주목하는 인공지능의 무더운 비밀!,https://blog.naver.com/mofakr/223852197198
갤럭시 S25 안 쓰면 후회하는 AI 인공지능 BEST 3,https://blog.naver.com/great97k/223847565283
인공지능학과 대학 학력 스펙 온라인으로 손쉽게 갖추기!,https://blog.naver.com/xing1281/223848983323
인공지능학과 대학 순위 취업 전망,https://blog.naver.com/002yw/223758284562
서울로봇인공지능과학관 솔직 방문기 예약 주차 전시 체험 정보,https://blog.naver.com/youshin91/223842032824
인공지능학과 대학 종류 및 수시전형 진학과정,https://blog.naver.com/46jungeun/223747715570
서울로봇인공지능과학관 예약방법 예약없이 관람까지 총정리,https://blog.naver.com/babyloshon/223839013618
2025년 AI학과 모집인원 경쟁률 및 인공지능 관련 취업... ,https://blog.naver.com/blackhole_chinese/223821283022
윈도우11 메모장에서 코파일럿 인공지능이 됩니다!,https://blog.naver.com/lee727/223783624311
인공지능은 결국 인간을 지배하게 될까?,https://blog.naver.com/jhk-blog/223846301449
[구글과 인공지능] Gemini 프롬프트 입력 방법,https://blog.naver.com/class_seo/223849316520
인공지능학과 대학 진학 전 알아봐야 하는 정보,https://blog.naver.com/dhdutk2014/223810336245
인공지능은 이미 당신의 개인정보를 알고있다?,https://blog.naver.com/mojjustice/223833814947
